-- ============================================
-- File: 07_seed_data.sql
-- Description: Sample data for the inventory management system.
--              Records are inserted in dependency order.
--              Data is designed to produce meaningful results
--              across all views and functions.
-- ============================================

-- ==================
-- Independent tables
-- ==================

-- Employees
INSERT INTO employee (phone_number, email, address, first_name, last_name, role)
VALUES
    ('+393331112233', 'paolo.rossi@dbconstructions.it', 'Via Roma 12, Bologna', 'Paolo', 'Rossi', 'Division Manager'),
    ('+393332223344', 'emanuele.bianchi@dbconstructions.it', 'Via Gramsci 17, Milano', 'Emanuele', 'Bianchi', 'Division Manager'),
    ('+393334445566', 'marco.casali@dbconstructions.it', 'Via Torino 3, Roma', 'Marco', 'Casali', 'Site Manager'),
    ('+393335556677', 'francesco.tirozzi@dbconstructions.it', 'Via Napoli 4, Roma', 'Francesco', 'Tirozzi', 'Site Manager'),
    ('+393336667788', 'ciro.esposito@dbconstructions.it', 'Via Firenze 5, Napoli', 'Ciro', 'Esposito', 'Site Manager'),
    ('+393337778899', 'lucia.ferrari@dbconstructions.it', 'Via Venezia 6, Cesena', 'Lucia', 'Ferrari', 'Site Manager'),
    ('+393338889900', 'giovanni.moretti@dbconstructions.it', 'Via Dante 8, Torino', 'Giovanni', 'Moretti', 'Site Manager'),
    ('+393339990011', 'alberto.maria@dbconstructions.it', 'Via Venezia 6, Cesena', 'Alberto', 'Maria', 'Staff'),
    ('+393340001122', 'maria.colombo@dbconstructions.it', 'Via Garibaldi 15, Bologna', 'Maria', 'Colombo', 'Staff'),
    ('+393341112233', 'luca.ricci@dbconstructions.it', 'Via Mazzini 22, Milano', 'Luca', 'Ricci', 'Staff'),
    ('+393342223344', 'anna.greco@dbconstructions.it', 'Via Cavour 9, Roma', 'Anna', 'Greco', 'Staff'),
    ('+393343334455', 'roberto.conti@dbconstructions.it', 'Via Verdi 11, Napoli', 'Roberto', 'Conti', 'Staff'),
    ('+393344445566', 'sara.marchetti@dbconstructions.it', 'Via Leopardi 7, Firenze', 'Sara', 'Marchetti', 'Staff'),
    ('+393345556677', 'andrea.rinaldi@dbconstructions.it', 'Via Pascoli 14, Genova', 'Andrea', 'Rinaldi', 'Staff'),
    ('+393346667788', 'elena.fontana@dbconstructions.it', 'Via Petrarca 3, Verona', 'Elena', 'Fontana', 'Staff'),
    ('+393347778899', 'stefano.galli@dbconstructions.it', 'Via Carducci 19, Padova', 'Stefano', 'Galli', 'Staff'),
    ('+393348889900', 'chiara.barbieri@dbconstructions.it', 'Via Foscolo 25, Parma', 'Chiara', 'Barbieri', 'Staff'),
    ('+393349990011', 'davide.lombardi@dbconstructions.it', 'Via Manzoni 31, Modena', 'Davide', 'Lombardi', 'Staff');

-- Suppliers
INSERT INTO supplier (tax_code, name, type, address, city, postal_code)
VALUES
    ('IT01984721009', 'MerkatoEdile', 'Distributor', 'Via Santa Maria Goretti 8', 'Nettuno', '00048'),
    ('IT04359650712', 'Platinum Broken SRL', 'Distributor', 'Via Nazionale delle Puglie 145', 'San Vitaliano', '80030'),
    ('IT05626329069', 'Bricomani Italia SRL', 'Distributor', 'Via G. Marconi 24', 'Rozzano', '20089'),
    ('IT07261250018', 'Unicel SPA', 'Manufacturer', 'Via Luigi Buzzi 6', 'Casale Monferrato', '15033'),
    ('IT11223344556', 'FairSupplies SRL', 'Electronics', 'Via Milano 15', 'Milano', '20100'),
    ('IT22334455667', 'CavoTech SRL', 'Manufacturer', 'Via Industria 42', 'Brescia', '25100'),
    ('IT33445566778', 'SafetyFirst SPA', 'Safety Equipment', 'Via della Sicurezza 10', 'Torino', '10100'),
    ('IT44556677889', 'SteelPro SRL', 'Manufacturer', 'Via Acciaio 5', 'Bergamo', '24100'),
    ('IT55667788990', 'ElectroCavi SPA', 'Manufacturer', 'Via Energia 18', 'Padova', '35100'),
    ('IT66778899001', 'ToolMaster SRL', 'Tools', 'Via Artigiani 33', 'Vicenza', '36100');

-- ==================
-- Dependent tables
-- ==================

-- Divisions
INSERT INTO division (division_id, name, city, address, postal_code, division_manager_contact)
VALUES
    (1, 'Building Construction', 'Bologna', 'Via Roma 1', '40100', '+393331112233'),
    (2, 'Fiber Optic Cabling', 'Milano', 'Via Milano 2', '20100', '+393332223344');

-- Construction Sites
INSERT INTO construction_site (site_id, name, postal_code, city, address, site_manager_contact, division_id)
VALUES
    (101, 'Arcobaleno', '04100', 'Latina', 'Via Bologna 50', '+393334445566', 1),
    (102, 'Cavalieri', '00048', 'Nettuno', 'Via Garibaldi 72', '+393334445566', 1),
    (103, 'Palazzo Verde', '00185', 'Roma', 'Via Appia Nuova 340', '+393335556677', 1),
    (104, 'Residence Luna', '80100', 'Napoli', 'Corso Umberto 88', '+393335556677', 1),
    (105, 'Torre Sole', '50100', 'Firenze', 'Via dei Calzaiuoli 15', '+393336667788', 1),
    (201, 'Monte', '40050', 'Monterenzio', 'Via Milano 60', '+393337778899', 2),
    (202, 'Poggi', '53036', 'Poggibonsi', 'Via Senza Nome 60', '+393337778899', 2),
    (203, 'Rete Nord', '20019', 'Settimo Milanese', 'Via Gramsci 12', '+393338889900', 2),
    (204, 'Fibra Centro', '40121', 'Bologna', 'Via Indipendenza 44', '+393338889900', 2),
    (205, 'Cavo Sud', '80143', 'Napoli', 'Via Nuova Marina 22', '+393338889900', 2);

-- Warehouses
INSERT INTO warehouse (warehouse_id, name, address, postal_code, city, division_id)
VALUES
    (701, 'DB Construction', 'Via Palo Alto 31', '00048', 'Nettuno', 1),
    (801, 'DB Cabling', 'Via Calcinaro 33', '47521', 'Cesena', 2);

-- Items
INSERT INTO item (item_id, description, name, category, supplier_id)
VALUES
    ('ITM001', 'Handled tool to spread or plaster', 'Trowel', 'Construction', 'IT01984721009'),
    ('ITM002', 'Combination of sand and cement', 'Screed CV04', 'Construction', 'IT01984721009'),
    ('ITM003', 'Reflective plaster coating', 'Thermal Reflective Plaster', 'Construction', 'IT11223344556'),
    ('ITM004', 'Artificial composite material', 'Concrete RCK30', 'Construction', 'IT07261250018'),
    ('ITM005', 'Reinforced steel bar 12mm', 'Rebar 12mm', 'Construction', 'IT44556677889'),
    ('ITM006', 'Reinforced steel bar 16mm', 'Rebar 16mm', 'Construction', 'IT44556677889'),
    ('ITM007', 'Portland cement 25kg bag', 'Cement Bag 25kg', 'Construction', 'IT04359650712'),
    ('ITM008', 'Waterproofing membrane roll', 'Waterproof Membrane', 'Construction', 'IT07261250018'),
    ('ITM009', 'Insulation panel 50mm', 'Insulation Panel 50', 'Construction', 'IT05626329069'),
    ('ITM010', 'Insulation panel 100mm', 'Insulation Panel 100', 'Construction', 'IT05626329069'),
    ('ITM011', 'Clay brick standard', 'Brick Standard', 'Construction', 'IT04359650712'),
    ('ITM012', 'Lightweight concrete block', 'Concrete Block', 'Construction', 'IT07261250018'),
    ('ITM013', 'Gypsum plasterboard 12.5mm', 'Plasterboard 12.5', 'Construction', 'IT05626329069'),
    ('ITM014', 'Structural timber beam 100x200', 'Timber Beam 100x200', 'Construction', 'IT04359650712'),
    ('ITM015', 'Galvanized steel pipe 50mm', 'Steel Pipe 50mm', 'Construction', 'IT44556677889'),
    ('ITM016', 'Single mode fiber optic cable 100m', 'Fiber SM 100m', 'Cabling', 'IT22334455667'),
    ('ITM017', 'Multi mode fiber optic cable 100m', 'Fiber MM 100m', 'Cabling', 'IT22334455667'),
    ('ITM018', 'Fiber optic splice tray 24 port', 'Splice Tray 24P', 'Cabling', 'IT55667788990'),
    ('ITM019', 'Fiber optic patch panel 48 port', 'Patch Panel 48P', 'Cabling', 'IT55667788990'),
    ('ITM020', 'Fiber optic connector SC/APC', 'Connector SC/APC', 'Cabling', 'IT22334455667'),
    ('ITM021', 'Fiber optic connector LC/UPC', 'Connector LC/UPC', 'Cabling', 'IT22334455667'),
    ('ITM022', 'HDPE microduct 10/8mm 500m', 'Microduct 10/8', 'Cabling', 'IT55667788990'),
    ('ITM023', 'Cable pulling rope 6mm 200m', 'Pull Rope 6mm', 'Cabling', 'IT11223344556'),
    ('ITM024', 'Fiber distribution cabinet outdoor', 'Distribution Cabinet', 'Cabling', 'IT55667788990'),
    ('ITM025', 'Fiber optic closure dome type', 'Closure Dome', 'Cabling', 'IT22334455667'),
    ('ITM026', 'Heavy-duty hammer', 'Hammer X1', 'Tools', 'IT66778899001'),
    ('ITM027', 'Wire cutters professional', 'Wire Cutter Pro', 'Tools', 'IT66778899001'),
    ('ITM028', 'Cordless drill 18V', 'Drill 18V', 'Tools', 'IT66778899001'),
    ('ITM029', 'Fiber optic cleaver', 'Fiber Cleaver', 'Tools', 'IT66778899001'),
    ('ITM030', 'Fusion splicer portable', 'Fusion Splicer', 'Tools', 'IT11223344556'),
    ('ITM031', 'OTDR tester', 'OTDR Tester', 'Tools', 'IT11223344556'),
    ('ITM032', 'Concrete mixer 120L', 'Mixer 120L', 'Tools', 'IT05626329069'),
    ('ITM033', 'Laser level professional', 'Laser Level Pro', 'Tools', 'IT66778899001'),
    ('ITM034', 'Angle grinder 230mm', 'Grinder 230mm', 'Tools', 'IT66778899001'),
    ('ITM035', 'Power generator 5kW', 'Generator 5kW', 'Tools', 'IT05626329069'),
    ('ITM036', 'Safety helmet white', 'Helmet White', 'Safety Gear', 'IT33445566778'),
    ('ITM037', 'Safety helmet yellow', 'Helmet Yellow', 'Safety Gear', 'IT33445566778'),
    ('ITM038', 'High visibility vest', 'Hi-Vis Vest', 'Safety Gear', 'IT33445566778'),
    ('ITM039', 'Safety boots S3', 'Boots S3', 'Safety Gear', 'IT33445566778'),
    ('ITM040', 'Protective gloves heavy duty', 'Gloves HD', 'Safety Gear', 'IT33445566778');

-- ==================
-- Operational tables
-- ==================

-- Requests
INSERT INTO request (request_number, approval_date, status, request_date, site_id, warehouse_id)
OVERRIDING SYSTEM VALUE
VALUES
    (1, '2024-02-02', 'Approved', '2024-01-27', 101, 701),
    (2, '2024-05-21', 'Approved', '2024-05-19', 103, 701),
    (3, '2024-03-13', 'Approved', '2024-03-07', 102, 701),
    (4, '2024-03-04', 'Approved', '2024-02-28', 105, 701),
    (5, '2024-02-01', 'Approved', '2024-01-31', 104, 701),
    (6, '2024-05-07', 'Approved', '2024-05-05', 101, 701),
    (7, '2024-02-02', 'Approved', '2024-01-28', 105, 701),
    (8, '2024-10-24', 'Approved', '2024-10-20', 102, 701),
    (9, '2024-09-05', 'Approved', '2024-08-31', 102, 701),
    (10, '2024-01-25', 'Approved', '2024-01-18', 103, 701),
    (11, '2024-08-21', 'Approved', '2024-08-18', 102, 701),
    (12, '2024-04-05', 'Approved', '2024-04-03', 103, 701),
    (13, '2024-03-08', 'Approved', '2024-03-07', 103, 701),
    (14, '2024-03-07', 'Approved', '2024-03-04', 104, 701),
    (15, '2024-06-05', 'Approved', '2024-05-29', 103, 701),
    (16, '2024-09-11', 'Approved', '2024-09-06', 101, 701),
    (17, '2024-07-27', 'Approved', '2024-07-26', 101, 701),
    (18, '2024-06-20', 'Approved', '2024-06-13', 105, 701),
    (19, '2024-07-23', 'Approved', '2024-07-18', 105, 701),
    (20, '2024-02-20', 'Approved', '2024-02-19', 102, 701),
    (21, '2024-06-12', 'Approved', '2024-06-11', 102, 701),
    (22, '2024-03-10', 'Approved', '2024-03-06', 102, 701),
    (23, '2024-09-09', 'Approved', '2024-09-03', 103, 701),
    (24, '2024-04-10', 'Approved', '2024-04-07', 103, 701),
    (25, '2024-05-07', 'Approved', '2024-05-01', 103, 701),
    (26, '2024-02-25', 'Approved', '2024-02-20', 103, 701),
    (27, '2024-10-20', 'Approved', '2024-10-14', 102, 701),
    (28, '2024-04-11', 'Approved', '2024-04-07', 102, 701),
    (29, '2024-06-07', 'Approved', '2024-06-01', 104, 701),
    (30, '2024-05-12', 'Approved', '2024-05-06', 105, 701),
    (31, '2024-02-14', 'Approved', '2024-02-12', 103, 701),
    (32, '2024-06-28', 'Approved', '2024-06-24', 101, 701),
    (33, '2024-02-19', 'Approved', '2024-02-17', 103, 701),
    (34, '2024-06-26', 'Approved', '2024-06-24', 105, 701),
    (35, '2024-08-10', 'Approved', '2024-08-04', 104, 701),
    (36, '2024-03-31', 'Approved', '2024-03-28', 104, 701),
    (37, '2024-05-26', 'Approved', '2024-05-20', 102, 701),
    (38, '2024-10-19', 'Approved', '2024-10-16', 105, 701),
    (39, '2024-08-26', 'Approved', '2024-08-21', 105, 701),
    (40, '2024-07-20', 'Approved', '2024-07-18', 104, 701),
    (41, '2024-10-05', 'Approved', '2024-10-01', 102, 701),
    (42, '2024-02-15', 'Approved', '2024-02-08', 101, 701),
    (43, '2024-04-08', 'Approved', '2024-04-02', 101, 701),
    (44, '2024-08-23', 'Approved', '2024-08-18', 102, 701),
    (45, '2024-08-03', 'Approved', '2024-07-30', 101, 701),
    (46, '2024-09-15', 'Approved', '2024-09-10', 205, 801),
    (47, '2024-10-31', 'Approved', '2024-10-24', 203, 801),
    (48, '2024-03-19', 'Approved', '2024-03-13', 201, 801),
    (49, '2024-06-06', 'Approved', '2024-05-30', 205, 801),
    (50, '2024-03-15', 'Approved', '2024-03-12', 203, 801),
    (51, '2024-04-08', 'Rejected', '2024-04-04', 204, 801),
    (52, '2024-06-02', 'Rejected', '2024-05-28', 201, 801),
    (53, '2024-10-01', 'Rejected', '2024-09-30', 202, 801),
    (54, '2024-10-05', 'Rejected', '2024-09-30', 203, 801),
    (55, '2024-04-05', 'Rejected', '2024-04-02', 202, 801),
    (56, '2024-10-22', 'Rejected', '2024-10-17', 202, 801),
    (57, '2024-07-02', 'Rejected', '2024-06-28', 201, 801),
    (58, '2024-03-15', 'Rejected', '2024-03-12', 201, 801),
    (59, '2024-05-17', 'Rejected', '2024-05-16', 203, 801),
    (60, '2024-11-01', 'Rejected', '2024-10-31', 202, 801),
    (61, '2024-09-20', 'Rejected', '2024-09-19', 201, 801),
    (62, '2024-03-21', 'Rejected', '2024-03-19', 205, 801),
    (63, '2024-10-24', 'Rejected', '2024-10-22', 204, 801),
    (64, '2024-10-16', 'Rejected', '2024-10-11', 203, 801),
    (65, '2024-05-07', 'Rejected', '2024-05-02', 204, 801),
    (66, NULL, 'Pending', '2024-09-13', 202, 801),
    (67, NULL, 'Pending', '2024-09-29', 203, 801),
    (68, NULL, 'Pending', '2024-09-04', 205, 801),
    (69, NULL, 'Pending', '2024-09-03', 202, 801),
    (70, NULL, 'Pending', '2024-09-19', 203, 801),
    (71, NULL, 'Pending', '2024-09-19', 205, 801),
    (72, NULL, 'Pending', '2024-09-03', 202, 801),
    (73, NULL, 'Pending', '2024-11-03', 201, 801),
    (74, NULL, 'Pending', '2024-11-03', 201, 801),
    (75, NULL, 'Pending', '2024-11-09', 205, 801),
    (76, NULL, 'Pending', '2024-11-18', 204, 801),
    (77, NULL, 'Pending', '2024-11-19', 202, 801),
    (78, NULL, 'Pending', '2024-11-26', 204, 801),
    (79, NULL, 'Pending', '2024-11-07', 204, 801),
    (80, NULL, 'Pending', '2024-11-22', 201, 801);

-- Request Details
INSERT INTO request_detail (request_number, item_id, quantity)
VALUES
    (1, 'ITM012', 11),
    (1, 'ITM014', 91),
    (1, 'ITM015', 88),
    (1, 'ITM038', 87),
    (1, 'ITM034', 17),
    (2, 'ITM013', 48),
    (2, 'ITM034', 18),
    (3, 'ITM007', 22),
    (3, 'ITM028', 59),
    (3, 'ITM015', 28),
    (4, 'ITM015', 14),
    (4, 'ITM008', 61),
    (4, 'ITM038', 75),
    (4, 'ITM040', 17),
    (5, 'ITM031', 6),
    (5, 'ITM028', 16),
    (6, 'ITM006', 66),
    (6, 'ITM014', 32),
    (6, 'ITM026', 56),
    (7, 'ITM006', 5),
    (7, 'ITM013', 54),
    (8, 'ITM040', 59),
    (8, 'ITM036', 94),
    (8, 'ITM015', 98),
    (8, 'ITM010', 76),
    (9, 'ITM005', 99),
    (9, 'ITM007', 74),
    (9, 'ITM010', 12),
    (9, 'ITM002', 100),
    (9, 'ITM029', 45),
    (10, 'ITM002', 66),
    (10, 'ITM029', 69),
    (11, 'ITM002', 28),
    (11, 'ITM027', 13),
    (11, 'ITM003', 81),
    (12, 'ITM032', 35),
    (12, 'ITM038', 56),
    (13, 'ITM039', 36),
    (13, 'ITM029', 79),
    (14, 'ITM030', 58),
    (14, 'ITM003', 89),
    (15, 'ITM040', 96),
    (15, 'ITM009', 45),
    (15, 'ITM007', 35),
    (15, 'ITM032', 38),
    (16, 'ITM005', 45),
    (16, 'ITM032', 14),
    (16, 'ITM031', 6),
    (16, 'ITM010', 63),
    (16, 'ITM015', 84),
    (17, 'ITM003', 32),
    (17, 'ITM028', 69),
    (18, 'ITM005', 13),
    (18, 'ITM040', 36),
    (18, 'ITM012', 52),
    (18, 'ITM039', 41),
    (19, 'ITM015', 95),
    (19, 'ITM037', 43),
    (19, 'ITM028', 83),
    (20, 'ITM032', 75),
    (20, 'ITM037', 43),
    (21, 'ITM039', 38),
    (21, 'ITM005', 19),
    (22, 'ITM034', 24),
    (22, 'ITM028', 39),
    (23, 'ITM030', 31),
    (23, 'ITM007', 92),
    (23, 'ITM033', 86),
    (23, 'ITM011', 38),
    (24, 'ITM009', 16),
    (24, 'ITM039', 86),
    (24, 'ITM040', 59),
    (24, 'ITM038', 40),
    (24, 'ITM002', 10),
    (25, 'ITM011', 21),
    (25, 'ITM035', 86),
    (26, 'ITM006', 95),
    (26, 'ITM034', 59),
    (26, 'ITM015', 76),
    (26, 'ITM028', 6),
    (27, 'ITM003', 93),
    (27, 'ITM039', 24),
    (28, 'ITM037', 79),
    (28, 'ITM012', 75),
    (29, 'ITM014', 44),
    (29, 'ITM005', 51),
    (29, 'ITM002', 10),
    (30, 'ITM007', 50),
    (30, 'ITM032', 76),
    (30, 'ITM008', 57),
    (30, 'ITM004', 84),
    (31, 'ITM040', 25),
    (31, 'ITM008', 27),
    (31, 'ITM038', 57),
    (32, 'ITM006', 47),
    (32, 'ITM034', 57),
    (33, 'ITM009', 94),
    (33, 'ITM006', 18),
    (33, 'ITM036', 53),
    (34, 'ITM038', 33),
    (34, 'ITM026', 30),
    (35, 'ITM012', 34),
    (35, 'ITM010', 33),
    (35, 'ITM037', 8),
    (35, 'ITM036', 89),
    (35, 'ITM038', 29),
    (36, 'ITM011', 40),
    (36, 'ITM009', 49),
    (36, 'ITM038', 87),
    (36, 'ITM003', 70),
    (36, 'ITM035', 56),
    (37, 'ITM001', 27),
    (37, 'ITM004', 79),
    (37, 'ITM039', 38),
    (37, 'ITM009', 9),
    (38, 'ITM030', 49),
    (38, 'ITM014', 98),
    (39, 'ITM014', 54),
    (39, 'ITM030', 78),
    (39, 'ITM027', 29),
    (39, 'ITM004', 37),
    (40, 'ITM033', 5),
    (40, 'ITM014', 71),
    (41, 'ITM012', 90),
    (41, 'ITM014', 47),
    (41, 'ITM003', 84),
    (42, 'ITM032', 43),
    (42, 'ITM038', 69),
    (42, 'ITM004', 44),
    (42, 'ITM034', 90),
    (43, 'ITM011', 21),
    (43, 'ITM013', 29),
    (43, 'ITM033', 58),
    (43, 'ITM010', 90),
    (43, 'ITM028', 53),
    (44, 'ITM030', 56),
    (44, 'ITM029', 75),
    (44, 'ITM010', 5),
    (45, 'ITM010', 79),
    (45, 'ITM007', 82),
    (45, 'ITM014', 88),
    (45, 'ITM036', 46),
    (46, 'ITM030', 99),
    (46, 'ITM037', 26),
    (46, 'ITM022', 89),
    (46, 'ITM032', 15),
    (46, 'ITM031', 41),
    (47, 'ITM018', 44),
    (47, 'ITM040', 33),
    (47, 'ITM023', 30),
    (47, 'ITM037', 23),
    (48, 'ITM017', 65),
    (48, 'ITM023', 83),
    (49, 'ITM030', 85),
    (49, 'ITM029', 78),
    (50, 'ITM038', 56),
    (50, 'ITM028', 36),
    (50, 'ITM031', 23),
    (51, 'ITM040', 59),
    (51, 'ITM019', 33),
    (52, 'ITM038', 11),
    (52, 'ITM032', 76),
    (52, 'ITM030', 36),
    (53, 'ITM030', 64),
    (53, 'ITM020', 90),
    (54, 'ITM040', 69),
    (54, 'ITM030', 59),
    (54, 'ITM035', 75),
    (54, 'ITM039', 62),
    (55, 'ITM039', 38),
    (55, 'ITM031', 36),
    (55, 'ITM030', 86),
    (56, 'ITM040', 35),
    (56, 'ITM032', 40),
    (56, 'ITM031', 61),
    (56, 'ITM036', 14),
    (57, 'ITM023', 15),
    (57, 'ITM024', 22),
    (57, 'ITM026', 24),
    (57, 'ITM033', 34),
    (58, 'ITM038', 57),
    (58, 'ITM020', 47),
    (58, 'ITM022', 74),
    (58, 'ITM018', 64),
    (58, 'ITM029', 58),
    (59, 'ITM022', 54),
    (59, 'ITM029', 79),
    (60, 'ITM040', 53),
    (60, 'ITM034', 66),
    (61, 'ITM027', 54),
    (61, 'ITM025', 58),
    (62, 'ITM031', 60),
    (62, 'ITM023', 67),
    (62, 'ITM024', 8),
    (63, 'ITM026', 64),
    (63, 'ITM037', 21),
    (63, 'ITM028', 84),
    (63, 'ITM039', 73),
    (63, 'ITM021', 8),
    (64, 'ITM034', 59),
    (64, 'ITM037', 22),
    (64, 'ITM016', 64),
    (64, 'ITM018', 28),
    (64, 'ITM036', 11),
    (65, 'ITM028', 46),
    (65, 'ITM026', 48),
    (65, 'ITM022', 53),
    (65, 'ITM030', 40),
    (66, 'ITM024', 74),
    (66, 'ITM018', 11),
    (66, 'ITM031', 49),
    (66, 'ITM016', 33),
    (66, 'ITM039', 88),
    (67, 'ITM040', 10),
    (67, 'ITM036', 8),
    (68, 'ITM022', 24),
    (68, 'ITM016', 35),
    (68, 'ITM035', 21),
    (69, 'ITM037', 94),
    (69, 'ITM019', 37),
    (69, 'ITM034', 52),
    (69, 'ITM022', 26),
    (69, 'ITM030', 82),
    (70, 'ITM040', 44),
    (70, 'ITM021', 18),
    (71, 'ITM025', 91),
    (71, 'ITM034', 53),
    (72, 'ITM038', 36),
    (72, 'ITM022', 18),
    (72, 'ITM018', 94),
    (72, 'ITM034', 43),
    (72, 'ITM036', 92),
    (73, 'ITM034', 49),
    (73, 'ITM017', 73),
    (74, 'ITM037', 48),
    (74, 'ITM027', 6),
    (74, 'ITM018', 58),
    (74, 'ITM032', 67),
    (74, 'ITM036', 18),
    (75, 'ITM027', 60),
    (75, 'ITM036', 27),
    (75, 'ITM030', 98),
    (75, 'ITM038', 71),
    (75, 'ITM020', 88),
    (76, 'ITM035', 64),
    (76, 'ITM033', 60),
    (76, 'ITM040', 98),
    (76, 'ITM031', 80),
    (77, 'ITM026', 62),
    (77, 'ITM023', 36),
    (77, 'ITM018', 64),
    (77, 'ITM024', 77),
    (78, 'ITM026', 50),
    (78, 'ITM016', 38),
    (78, 'ITM031', 48),
    (78, 'ITM021', 40),
    (78, 'ITM022', 81),
    (79, 'ITM033', 15),
    (79, 'ITM016', 35),
    (79, 'ITM032', 97),
    (79, 'ITM022', 57),
    (80, 'ITM033', 87),
    (80, 'ITM040', 96),
    (80, 'ITM023', 67),
    (80, 'ITM038', 62),
    (80, 'ITM031', 7);

-- Deliveries
INSERT INTO delivery (delivery_number, dispatch_date, delivery_status, arrival_date, site_id)
OVERRIDING SYSTEM VALUE
VALUES
    (1, '2024-05-20', 'Delivered', '2024-05-25', 103),
    (2, '2024-03-09', 'Delivered', '2024-03-16', 102),
    (3, '2024-03-01', 'Delivered', '2024-03-06', 105),
    (4, '2024-02-05', 'Delivered', '2024-02-11', 104),
    (5, '2024-05-09', 'Delivered', '2024-05-18', 101),
    (6, '2024-02-02', 'Delivered', '2024-02-08', 105),
    (7, '2024-10-24', 'Delivered', '2024-11-02', 102),
    (8, '2024-09-03', 'Delivered', '2024-09-09', 102),
    (9, '2024-01-22', 'Delivered', '2024-01-27', 103),
    (10, '2024-08-21', 'Delivered', '2024-08-26', 102),
    (11, '2024-04-05', 'Delivered', '2024-04-07', 103),
    (12, '2024-03-09', 'Delivered', '2024-03-15', 103),
    (13, '2024-03-05', 'Delivered', '2024-03-14', 104),
    (14, '2024-05-31', 'Delivered', '2024-06-04', 103),
    (15, '2024-09-08', 'Delivered', '2024-09-16', 101),
    (16, '2024-07-29', 'Delivered', '2024-08-08', 101),
    (17, '2024-06-18', 'Delivered', '2024-06-28', 105),
    (18, '2024-07-21', 'Delivered', '2024-07-23', 105),
    (19, '2024-02-21', 'Delivered', '2024-02-26', 102),
    (20, '2024-06-13', 'Delivered', '2024-06-19', 102),
    (21, '2024-03-08', 'Delivered', '2024-03-13', 102),
    (22, '2024-09-04', 'Delivered', '2024-09-13', 103),
    (23, '2024-04-09', 'Delivered', '2024-04-14', 103),
    (24, '2024-05-02', 'Delivered', '2024-05-03', 103),
    (25, '2024-02-25', 'Delivered', '2024-03-01', 103),
    (26, '2024-10-16', 'Delivered', '2024-10-24', 102),
    (27, '2024-04-08', 'Delivered', '2024-04-09', 102),
    (28, '2024-06-06', 'Delivered', '2024-06-11', 104),
    (29, '2024-05-10', 'Delivered', '2024-05-18', 105),
    (30, '2024-02-16', 'Delivered', '2024-02-22', 103),
    (31, '2024-06-26', 'Delivered', '2024-06-27', 101),
    (32, '2024-02-20', 'Delivered', '2024-02-28', 103),
    (33, '2024-06-25', 'Delivered', '2024-06-27', 105),
    (34, '2024-08-08', 'Delivered', '2024-08-16', 104),
    (35, '2024-03-29', 'Delivered', '2024-04-08', 104),
    (36, '2024-05-21', 'Delivered', '2024-05-24', 102),
    (37, '2024-10-18', 'Delivered', '2024-10-28', 105),
    (38, '2024-08-24', 'Delivered', '2024-08-26', 105),
    (39, '2024-07-20', 'Delivered', '2024-07-22', 104),
    (40, '2024-10-06', 'Delivered', '2024-10-13', 102),
    (41, '2024-02-13', 'Delivered', '2024-02-23', 101),
    (42, '2024-04-07', 'Delivered', '2024-04-11', 101),
    (43, '2024-08-23', 'Delivered', '2024-08-30', 102),
    (44, '2024-08-03', 'Delivered', '2024-08-11', 101),
    (45, '2024-09-13', 'Delivered', '2024-09-23', 205),
    (46, '2024-11-24', 'In Transit', NULL, 203),
    (47, '2024-11-16', 'In Transit', NULL, 201),
    (48, '2024-11-18', 'In Transit', NULL, 205),
    (49, '2024-11-21', 'In Transit', NULL, 203),
    (50, '2024-11-17', 'In Transit', NULL, 101),
    (51, '2024-11-22', 'In Transit', NULL, 103),
    (52, '2024-11-17', 'In Transit', NULL, 102),
    (53, '2024-03-01', 'Canceled', NULL, 105),
    (54, '2024-02-01', 'Canceled', NULL, 104),
    (55, '2024-05-09', 'Canceled', NULL, 101),
    (56, '2024-02-01', 'Canceled', NULL, 105),
    (57, '2024-10-25', 'Canceled', NULL, 102),
    (58, '2024-09-04', 'Canceled', NULL, 102),
    (59, '2024-01-21', 'Canceled', NULL, 103),
    (60, '2024-08-19', 'Canceled', NULL, 102);

-- Delivery Details
INSERT INTO delivery_detail (delivery_number, item_id, quantity_shipped)
VALUES
    (1, 'ITM010', 23),
    (1, 'ITM033', 49),
    (2, 'ITM003', 21),
    (2, 'ITM032', 45),
    (2, 'ITM008', 42),
    (3, 'ITM036', 12),
    (3, 'ITM040', 39),
    (3, 'ITM007', 19),
    (3, 'ITM014', 46),
    (4, 'ITM040', 14),
    (4, 'ITM009', 9),
    (5, 'ITM006', 24),
    (5, 'ITM036', 43),
    (6, 'ITM037', 33),
    (6, 'ITM029', 12),
    (6, 'ITM040', 34),
    (6, 'ITM010', 49),
    (7, 'ITM033', 37),
    (7, 'ITM013', 39),
    (7, 'ITM009', 36),
    (8, 'ITM003', 32),
    (8, 'ITM030', 25),
    (8, 'ITM002', 43),
    (9, 'ITM001', 48),
    (9, 'ITM003', 41),
    (9, 'ITM008', 42),
    (10, 'ITM035', 22),
    (10, 'ITM032', 41),
    (11, 'ITM035', 35),
    (11, 'ITM006', 38),
    (12, 'ITM015', 42),
    (12, 'ITM040', 32),
    (12, 'ITM009', 45),
    (12, 'ITM006', 36),
    (13, 'ITM026', 31),
    (13, 'ITM012', 26),
    (14, 'ITM032', 15),
    (14, 'ITM004', 26),
    (14, 'ITM038', 31),
    (15, 'ITM026', 40),
    (15, 'ITM010', 7),
    (15, 'ITM032', 34),
    (15, 'ITM013', 10),
    (16, 'ITM009', 30),
    (16, 'ITM011', 37),
    (16, 'ITM004', 5),
    (17, 'ITM038', 8),
    (17, 'ITM028', 17),
    (17, 'ITM015', 38),
    (17, 'ITM014', 28),
    (18, 'ITM035', 8),
    (18, 'ITM026', 18),
    (18, 'ITM031', 22),
    (18, 'ITM015', 40),
    (19, 'ITM040', 33),
    (19, 'ITM010', 49),
    (20, 'ITM004', 43),
    (20, 'ITM001', 20),
    (20, 'ITM031', 50),
    (21, 'ITM010', 5),
    (21, 'ITM028', 40),
    (22, 'ITM003', 12),
    (22, 'ITM008', 34),
    (22, 'ITM037', 12),
    (23, 'ITM037', 50),
    (23, 'ITM005', 23),
    (23, 'ITM026', 37),
    (23, 'ITM040', 50),
    (24, 'ITM014', 35),
    (24, 'ITM037', 20),
    (24, 'ITM026', 34),
    (25, 'ITM005', 43),
    (25, 'ITM013', 37),
    (25, 'ITM007', 13),
    (25, 'ITM040', 9),
    (26, 'ITM035', 31),
    (26, 'ITM036', 26),
    (26, 'ITM038', 37),
    (27, 'ITM037', 24),
    (27, 'ITM001', 42),
    (27, 'ITM010', 42),
    (28, 'ITM026', 39),
    (28, 'ITM038', 35),
    (28, 'ITM005', 27),
    (28, 'ITM015', 26),
    (29, 'ITM035', 25),
    (29, 'ITM028', 17),
    (29, 'ITM013', 49),
    (29, 'ITM015', 20),
    (30, 'ITM013', 31),
    (30, 'ITM008', 7),
    (30, 'ITM038', 25),
    (30, 'ITM035', 35),
    (31, 'ITM040', 46),
    (31, 'ITM036', 14),
    (31, 'ITM013', 36),
    (31, 'ITM032', 7),
    (32, 'ITM027', 26),
    (32, 'ITM029', 11),
    (33, 'ITM004', 34),
    (33, 'ITM027', 5),
    (33, 'ITM040', 14),
    (34, 'ITM038', 9),
    (34, 'ITM031', 35),
    (34, 'ITM005', 21),
    (35, 'ITM030', 46),
    (35, 'ITM033', 10),
    (35, 'ITM013', 26),
    (36, 'ITM038', 45),
    (36, 'ITM028', 50),
    (36, 'ITM013', 36),
    (36, 'ITM011', 39),
    (37, 'ITM030', 20),
    (37, 'ITM003', 45),
    (38, 'ITM040', 10),
    (38, 'ITM010', 32),
    (38, 'ITM008', 11),
    (38, 'ITM034', 45),
    (39, 'ITM038', 49),
    (39, 'ITM004', 24),
    (39, 'ITM015', 6),
    (39, 'ITM006', 7),
    (40, 'ITM036', 27),
    (40, 'ITM002', 28),
    (40, 'ITM010', 32),
    (41, 'ITM008', 31),
    (41, 'ITM027', 41),
    (42, 'ITM036', 29),
    (42, 'ITM006', 44),
    (42, 'ITM003', 48),
    (42, 'ITM030', 20),
    (43, 'ITM040', 19),
    (43, 'ITM029', 34),
    (43, 'ITM005', 45),
    (44, 'ITM015', 5),
    (44, 'ITM009', 34),
    (44, 'ITM032', 23),
    (45, 'ITM033', 27),
    (45, 'ITM021', 42),
    (45, 'ITM018', 24),
    (45, 'ITM030', 45),
    (46, 'ITM038', 24),
    (46, 'ITM024', 17),
    (46, 'ITM030', 29),
    (47, 'ITM019', 41),
    (47, 'ITM023', 27),
    (47, 'ITM028', 41),
    (48, 'ITM038', 47),
    (48, 'ITM025', 30),
    (48, 'ITM016', 22),
    (49, 'ITM034', 8),
    (49, 'ITM037', 43),
    (50, 'ITM026', 19),
    (50, 'ITM037', 43),
    (50, 'ITM039', 27),
    (50, 'ITM010', 19),
    (51, 'ITM007', 47),
    (51, 'ITM030', 48),
    (51, 'ITM009', 13),
    (51, 'ITM032', 45),
    (52, 'ITM039', 46),
    (52, 'ITM031', 7),
    (53, 'ITM036', 42),
    (53, 'ITM015', 28),
    (53, 'ITM002', 13),
    (54, 'ITM040', 25),
    (54, 'ITM010', 31),
    (55, 'ITM007', 39),
    (55, 'ITM005', 28),
    (56, 'ITM027', 15),
    (56, 'ITM040', 21),
    (56, 'ITM009', 35),
    (56, 'ITM037', 23),
    (57, 'ITM038', 34),
    (57, 'ITM011', 9),
    (57, 'ITM036', 14),
    (57, 'ITM004', 19),
    (58, 'ITM034', 40),
    (58, 'ITM032', 28),
    (58, 'ITM013', 10),
    (58, 'ITM038', 30),
    (59, 'ITM009', 12),
    (59, 'ITM028', 34),
    (60, 'ITM032', 42),
    (60, 'ITM034', 29),
    (60, 'ITM009', 45);

-- Delivery Fulfillments
INSERT INTO delivery_fulfillment (request_number, delivery_number, fulfillment_date)
VALUES
    (23, 1, '2024-05-25'),
    (8, 2, '2024-03-16'),
    (19, 3, '2024-03-06'),
    (35, 4, '2024-02-11'),
    (1, 5, '2024-05-18'),
    (34, 6, '2024-02-08'),
    (37, 7, '2024-11-02'),
    (11, 8, '2024-09-09'),
    (33, 9, '2024-01-27'),
    (8, 10, '2024-08-26'),
    (33, 11, '2024-04-07'),
    (25, 12, '2024-03-15'),
    (40, 13, '2024-03-14'),
    (15, 14, '2024-06-04'),
    (43, 15, '2024-09-16'),
    (6, 16, '2024-08-08'),
    (18, 17, '2024-06-28'),
    (4, 18, '2024-07-23'),
    (3, 19, '2024-02-26'),
    (20, 20, '2024-06-19'),
    (27, 21, '2024-03-13'),
    (10, 22, '2024-09-13'),
    (10, 23, '2024-04-14'),
    (13, 24, '2024-05-03'),
    (26, 25, '2024-03-01'),
    (9, 26, '2024-10-24'),
    (22, 27, '2024-04-09'),
    (35, 28, '2024-06-11'),
    (34, 29, '2024-05-18'),
    (33, 30, '2024-02-22'),
    (43, 31, '2024-06-27'),
    (31, 32, '2024-02-28'),
    (18, 33, '2024-06-27'),
    (35, 34, '2024-08-16'),
    (40, 35, '2024-04-08'),
    (8, 36, '2024-05-24'),
    (39, 37, '2024-10-28'),
    (38, 38, '2024-08-26'),
    (29, 39, '2024-07-22'),
    (3, 40, '2024-10-13'),
    (42, 41, '2024-02-23'),
    (17, 42, '2024-04-11'),
    (27, 43, '2024-08-30'),
    (45, 44, '2024-08-11'),
    (46, 45, '2024-09-23');

-- Inventory Levels
INSERT INTO inventory_level (inventory_level_id, quantity, last_update, warehouse_id, item_id)
OVERRIDING SYSTEM VALUE
VALUES
    (1, 6, '2024-11-18 13:03:00', 701, 'ITM001'),
    (2, 106, '2024-12-01 9:54:00', 701, 'ITM002'),
    (3, 4, '2024-11-21 17:01:00', 701, 'ITM003'),
    (4, 17, '2024-11-08 10:50:00', 701, 'ITM004'),
    (5, 149, '2024-11-27 16:13:00', 701, 'ITM005'),
    (6, 155, '2024-11-28 11:21:00', 701, 'ITM006'),
    (7, 42, '2024-11-20 8:17:00', 701, 'ITM007'),
    (8, 42, '2024-11-18 12:51:00', 701, 'ITM008'),
    (9, 1, '2024-11-05 8:22:00', 701, 'ITM009'),
    (10, 65, '2024-11-01 10:16:00', 701, 'ITM010'),
    (11, 7, '2024-11-17 9:47:00', 701, 'ITM011'),
    (12, 21, '2024-11-25 13:32:00', 701, 'ITM012'),
    (13, 4, '2024-12-01 17:02:00', 701, 'ITM013'),
    (14, 191, '2024-11-28 16:19:00', 701, 'ITM014'),
    (15, 122, '2024-11-01 8:30:00', 701, 'ITM015'),
    (16, 107, '2024-11-04 15:45:00', 701, 'ITM026'),
    (17, 2, '2024-11-11 17:09:00', 701, 'ITM027'),
    (18, 6, '2024-11-13 17:33:00', 701, 'ITM028'),
    (19, 80, '2024-11-20 14:06:00', 701, 'ITM029'),
    (20, 4, '2024-11-14 15:56:00', 701, 'ITM030'),
    (21, 63, '2024-11-27 15:25:00', 701, 'ITM036'),
    (22, 111, '2024-11-11 14:20:00', 701, 'ITM037'),
    (23, 175, '2024-12-01 10:43:00', 701, 'ITM038'),
    (24, 2, '2024-11-03 14:06:00', 701, 'ITM039'),
    (25, 195, '2024-11-26 10:35:00', 701, 'ITM040'),
    (26, 20, '2024-11-18 16:21:00', 801, 'ITM016'),
    (27, 6, '2024-11-28 14:55:00', 801, 'ITM017'),
    (28, 5, '2024-11-20 12:22:00', 801, 'ITM018'),
    (29, 31, '2024-11-07 10:42:00', 801, 'ITM019'),
    (30, 128, '2024-11-04 13:54:00', 801, 'ITM020'),
    (31, 147, '2024-11-25 12:36:00', 801, 'ITM021'),
    (32, 62, '2024-11-28 16:49:00', 801, 'ITM022'),
    (33, 164, '2024-11-21 16:01:00', 801, 'ITM023'),
    (34, 160, '2024-11-27 12:01:00', 801, 'ITM024'),
    (35, 51, '2024-11-25 12:58:00', 801, 'ITM025'),
    (36, 91, '2024-11-06 10:36:00', 801, 'ITM031'),
    (37, 173, '2024-11-05 8:05:00', 801, 'ITM032'),
    (38, 196, '2024-11-13 14:29:00', 801, 'ITM033'),
    (39, 92, '2024-11-10 13:49:00', 801, 'ITM034'),
    (40, 150, '2024-11-29 8:09:00', 801, 'ITM035'),
    (41, 45, '2024-11-02 9:17:00', 801, 'ITM036'),
    (42, 118, '2024-11-16 17:28:00', 801, 'ITM037'),
    (43, 111, '2024-11-25 16:07:00', 801, 'ITM038'),
    (44, 93, '2024-11-10 17:31:00', 801, 'ITM039'),
    (45, 139, '2024-11-02 11:25:00', 801, 'ITM040'),
    (46, 47, '2024-11-11 9:00:00', 701, 'ITM035'),
    (47, 73, '2024-11-24 14:11:00', 801, 'ITM026'),
    (48, 78, '2024-11-23 11:32:00', 801, 'ITM029'),
    (49, 55, '2024-11-03 14:55:00', 801, 'ITM030'),
    (50, 12, '2024-11-15 9:55:00', 801, 'ITM028');

-- Purchase Orders
INSERT INTO purchase_order (order_number, total_amount, order_date, status, supplier_id)
OVERRIDING SYSTEM VALUE
VALUES
    (1, 6185.46, '2024-10-20', 'Completed', 'IT33445566778'),
    (2, 1904.57, '2024-05-28', 'Completed', 'IT33445566778'),
    (3, 2743.72, '2024-06-15', 'Completed', 'IT01984721009'),
    (4, 12513.98, '2024-08-23', 'Completed', 'IT66778899001'),
    (5, 6663.33, '2024-02-15', 'Completed', 'IT22334455667'),
    (6, 6648.01, '2024-05-04', 'Completed', 'IT04359650712'),
    (7, 1363.98, '2024-09-25', 'Completed', 'IT33445566778'),
    (8, 3479.27, '2024-06-22', 'Completed', 'IT11223344556'),
    (9, 7755.15, '2024-02-09', 'Completed', 'IT05626329069'),
    (10, 7747.29, '2024-09-28', 'Completed', 'IT04359650712'),
    (11, 10965.21, '2024-06-28', 'Completed', 'IT22334455667'),
    (12, 1721.51, '2024-04-30', 'Completed', 'IT05626329069'),
    (13, 2767.79, '2024-04-11', 'Completed', 'IT11223344556'),
    (14, 2821.76, '2024-02-08', 'Completed', 'IT05626329069'),
    (15, 11365.8, '2024-08-25', 'Completed', 'IT44556677889'),
    (16, 10280.78, '2024-08-17', 'Completed', 'IT66778899001'),
    (17, 9602.42, '2024-11-25', 'Completed', 'IT66778899001'),
    (18, 12990.85, '2024-06-14', 'Completed', 'IT66778899001'),
    (19, 6708.49, '2024-03-18', 'Completed', 'IT22334455667'),
    (20, 9544.5, '2024-08-14', 'Completed', 'IT44556677889'),
    (21, 1031.35, '2024-10-29', 'Completed', 'IT11223344556'),
    (22, 4794.04, '2024-02-07', 'Completed', 'IT55667788990'),
    (23, 1041.97, '2024-01-20', 'Completed', 'IT44556677889'),
    (24, 9741.06, '2024-02-09', 'Completed', 'IT11223344556'),
    (25, 8992.38, '2024-11-10', 'Completed', 'IT04359650712'),
    (26, 8788.88, '2024-08-24', 'Processing', 'IT33445566778'),
    (27, 13653.94, '2024-08-18', 'Processing', 'IT01984721009'),
    (28, 4958.6, '2024-04-06', 'Processing', 'IT66778899001'),
    (29, 2432.74, '2024-09-13', 'Processing', 'IT44556677889'),
    (30, 1731.83, '2024-08-18', 'Processing', 'IT01984721009'),
    (31, 7667.33, '2024-02-13', 'Processing', 'IT22334455667'),
    (32, 3866.61, '2024-01-21', 'Processing', 'IT05626329069'),
    (33, 7956.21, '2024-08-12', 'Pending', 'IT44556677889'),
    (34, 5585.69, '2024-03-22', 'Pending', 'IT66778899001'),
    (35, 6249.79, '2024-07-17', 'Pending', 'IT11223344556'),
    (36, 975.01, '2024-11-02', 'Pending', 'IT22334455667'),
    (37, 5079.42, '2024-02-03', 'Pending', 'IT22334455667'),
    (38, 4405.38, '2024-07-16', 'Canceled', 'IT55667788990'),
    (39, 5133.76, '2024-03-17', 'Canceled', 'IT66778899001'),
    (40, 13767.85, '2024-03-13', 'Canceled', 'IT66778899001');

-- Order Details
INSERT INTO order_detail (item_id, order_number, quantity, unit_price)
VALUES
    ('ITM039', 1, 89, 84.94),
    ('ITM037', 1, 174, 119.27),
    ('ITM038', 1, 42, 101.34),
    ('ITM036', 1, 199, 149.58),
    ('ITM039', 2, 14, 55.98),
    ('ITM038', 2, 56, 142.8),
    ('ITM002', 3, 67, 150.0),
    ('ITM001', 3, 49, 13.88),
    ('ITM033', 4, 199, 132.84),
    ('ITM034', 4, 19, 100.13),
    ('ITM025', 5, 51, 29.17),
    ('ITM021', 5, 187, 116.24),
    ('ITM016', 5, 52, 108.87),
    ('ITM011', 6, 183, 108.64),
    ('ITM014', 6, 123, 92.56),
    ('ITM037', 7, 104, 102.55),
    ('ITM040', 7, 156, 147.7),
    ('ITM039', 7, 128, 115.99),
    ('ITM038', 7, 107, 76.68),
    ('ITM036', 7, 117, 145.02),
    ('ITM023', 8, 174, 73.39),
    ('ITM031', 8, 105, 84.29),
    ('ITM003', 8, 36, 107.43),
    ('ITM013', 9, 51, 42.74),
    ('ITM009', 9, 141, 24.23),
    ('ITM007', 10, 99, 139.74),
    ('ITM014', 10, 116, 10.36),
    ('ITM011', 10, 138, 57.66),
    ('ITM016', 11, 35, 126.28),
    ('ITM020', 11, 176, 51.96),
    ('ITM025', 11, 47, 22.8),
    ('ITM021', 11, 83, 137.82),
    ('ITM017', 11, 130, 105.17),
    ('ITM032', 12, 11, 136.11),
    ('ITM035', 12, 14, 40.25),
    ('ITM013', 12, 48, 83.45),
    ('ITM003', 13, 41, 9.54),
    ('ITM023', 13, 117, 96.75),
    ('ITM031', 13, 169, 69.92),
    ('ITM030', 13, 38, 125.91),
    ('ITM035', 14, 84, 65.81),
    ('ITM009', 14, 167, 54.54),
    ('ITM013', 14, 156, 63.94),
    ('ITM032', 14, 180, 101.06),
    ('ITM010', 14, 144, 146.26),
    ('ITM015', 15, 109, 131.32),
    ('ITM005', 15, 21, 96.26),
    ('ITM028', 16, 98, 38.07),
    ('ITM026', 16, 178, 95.17),
    ('ITM034', 16, 158, 110.94),
    ('ITM033', 16, 95, 22.18),
    ('ITM033', 17, 128, 147.17),
    ('ITM028', 17, 132, 95.68),
    ('ITM027', 17, 44, 11.81),
    ('ITM034', 17, 127, 7.96),
    ('ITM026', 18, 90, 140.17),
    ('ITM027', 18, 141, 61.24),
    ('ITM034', 18, 149, 72.33),
    ('ITM017', 19, 101, 129.67),
    ('ITM020', 19, 22, 130.21),
    ('ITM006', 20, 121, 133.7),
    ('ITM005', 20, 200, 67.36),
    ('ITM015', 20, 108, 52.51),
    ('ITM031', 21, 104, 138.84),
    ('ITM030', 21, 142, 41.84),
    ('ITM023', 21, 31, 109.74),
    ('ITM024', 22, 56, 82.96),
    ('ITM022', 22, 92, 17.63),
    ('ITM015', 23, 124, 91.39),
    ('ITM006', 23, 119, 27.08),
    ('ITM005', 23, 123, 54.35),
    ('ITM030', 24, 121, 43.0),
    ('ITM031', 24, 24, 13.57),
    ('ITM011', 25, 46, 127.68),
    ('ITM007', 25, 183, 117.74),
    ('ITM014', 25, 18, 21.12),
    ('ITM038', 26, 155, 7.28),
    ('ITM040', 26, 49, 102.66),
    ('ITM037', 26, 104, 57.37),
    ('ITM001', 27, 111, 48.87),
    ('ITM002', 27, 81, 39.32),
    ('ITM026', 28, 137, 78.87),
    ('ITM027', 28, 153, 19.87),
    ('ITM015', 29, 166, 44.62),
    ('ITM006', 29, 135, 32.03),
    ('ITM005', 29, 44, 128.29),
    ('ITM001', 30, 32, 122.05),
    ('ITM002', 30, 91, 101.01),
    ('ITM025', 31, 86, 128.08),
    ('ITM020', 31, 192, 107.16),
    ('ITM013', 32, 61, 119.33),
    ('ITM010', 32, 70, 119.08),
    ('ITM009', 32, 16, 55.73),
    ('ITM006', 33, 26, 48.12),
    ('ITM005', 33, 193, 108.53),
    ('ITM015', 33, 144, 63.09),
    ('ITM033', 34, 125, 71.21),
    ('ITM026', 34, 142, 53.32),
    ('ITM027', 34, 151, 96.87),
    ('ITM029', 34, 56, 115.75),
    ('ITM034', 34, 43, 66.31),
    ('ITM003', 35, 49, 47.36),
    ('ITM030', 35, 51, 50.09),
    ('ITM020', 36, 74, 31.45),
    ('ITM025', 36, 151, 42.98),
    ('ITM016', 36, 170, 47.17),
    ('ITM025', 37, 161, 141.39),
    ('ITM017', 37, 49, 27.75),
    ('ITM018', 38, 174, 116.23),
    ('ITM024', 38, 77, 98.54),
    ('ITM022', 38, 156, 63.95),
    ('ITM019', 38, 173, 6.97),
    ('ITM034', 39, 185, 62.4),
    ('ITM028', 39, 126, 13.26),
    ('ITM029', 39, 25, 25.82),
    ('ITM026', 39, 116, 73.93),
    ('ITM028', 40, 90, 129.57),
    ('ITM033', 40, 91, 110.79),
    ('ITM027', 40, 98, 146.37);

-- ==================
-- Reset identity sequences
-- ==================
SELECT setval(pg_get_serial_sequence('request', 'request_number'), (SELECT MAX(request_number) FROM request));
SELECT setval(pg_get_serial_sequence('delivery', 'delivery_number'), (SELECT MAX(delivery_number) FROM delivery));
SELECT setval(pg_get_serial_sequence('purchase_order', 'order_number'), (SELECT MAX(order_number) FROM purchase_order));
SELECT setval(pg_get_serial_sequence('inventory_level', 'inventory_level_id'), (SELECT MAX(inventory_level_id) FROM inventory_level));